time_edt,source,speech,language,shouted,transcriber_note,pdf_page
09:31:57.9,CAM,Start of recording,unmarked,,,2
09:31:57.9,CAM-1,"Ladies and Gentlemen: Here the captain, please sit down keep remaining seating. We have a bomb onboard '. So, sit",english_spoken,,Over head broadcast,2
09:32:08.0,CAM.,,unmarked,,The sound of plates/glass breaking,2
09:32:09,CAM-1,8 Don 't move,english_spoken,,,2
09:32:10.9,CAM-1,Shut up,english_spoken,,,2
09:32:13.5,CAM-1,"Come on, Come",english_spoken,,,2
09:32:16.1,CAM-1,Shut up,english_spoken,,,2
09:32:17.9,CAM-1,Don ‘ t move!,english_spoken,,,2
09:32:18.0,CAM-1,Stop!,english_spoken,,,2
09:32:21.0,CAM,,unmarked,,The sound of a seat moving,2
09:32:34.5,CAM-1,"Sit, sit, sit down ؛",english_spoken,,,2
09:32:39.8,CAM-?,Sit down!,english_spoken,,,2
09:32:41.9,CAM-?,the brother,translated_arabic,,U/I,2
09:32:42.1,CAM-,,unmarked,,The sound of cabin call chime,2
09:32:44.0,CAM-,,unmarked,,The sound of seat belt,2
09:33:54.9,CAM-2,Stop!,english_spoken,,,2
09:33:05.2,CAM-,,unmarked,,The sound of 4 switches click,2
09:33:09.4,CAM-1,No more,english_spoken,,The sound of loud click} Sit down!,2
09:33:10.5,CAM-1,"That's it, that's it, that's it, down, down!",mixed,,,2
09:33:14.4,CAM-1,SHUT UP! CAM,unmarked,yes,The sound of cabin call chime,2
09:33:20.0,"CAM,",,unmarked,,"Start of radio channels 1,2,3",2
09:33:20.7,CAM-2,,unmarked,,U/I; Unintelligible English phrase,2
09:33:20.0,CTR,"We just Ah, we didn't get it clear... Is that United Ninety Three calling",english_spoken,,,2
09:33:30.9,CAM-?,,unmarked,,Jassim Probably an Arabic first name,2
09:33:32.0,CAM,,unmarked,,The sound of 3 clicks,2
09:33:34.6,CAM-1,"In the name of Allah, the Most Merciful, the Most Compassionate",translated_arabic,,,2
09:33:41.8,CAM-1,,unmarked,,"U/I; Unintelligible Arabic question, asked by a male",2
09:33:43.2,CAM-2,"Finish, no more. NO MORE!",english_spoken,,,2
09:33:44.9,CAM-2,"Stop, stop, stop, STOP!",unmarked,,,2
09:33:49.8,CAM-1,"No!. No, no, no, NO!",english_spoken,,,2
09:33:53.1,CAM-1,"No, no, no, NO!",english_spoken,,,2
09:34:00.1,CAM.1,"Down! Go ahead, lie down. Lie down ' Down, down, DOWN!",english_spoken,,,2
09:34:06.2,CAM-2,There is someone... Huh,translated_arabic,,,2
09:34:12.4,CAM-1,"Down, down, down ؛ Sit down ' Come on, sit down, sit ' Sit down! Sit down! 2010",english_spoken,,,2
09:34:14.2,CAM-1,,unmarked,,The sound of auto-pilot disconnect warning starts,3
09:34:16.0,CAM-1,"Down, Down DOWN! 09:",english_spoken,,,3
34:21:6,CAM,1 Down,english_spoken,,,3
09:34:25.5,CAM-1,No more,english_spoken,,,3
09:34:26.6,CAM-1,No more. Down!,english_spoken,,,3
09:34:27.4,HOT/CAM-4,"Please, please, please",english_spoken,,,3
09:34:28.5,CAM-1,Down! 09:,unmarked,,,3
34:29:0,HOT/CAM-4,"Please, please, don't hurt me",english_spoken,,,3
09:34:30.1,CAM-1,Down! No more. 0 9: HOT/CAM-4 Oh God!,english_spoken,,,3
09:34:32.2,CAM-1,"Down, down, down!",english_spoken,,,3
09:34:33.4,CAM-1,Sit down! 09:,english_spoken,,,3
34:34:1,CAM-2,Shut up!,unmarked,,,3
09:34:38.5,CAM,09:,unmarked,yes,The Sound of auto-pilot disconnect warning stops,3
34:42:4,CAM-1,No more,english_spoken,,,3
09:34:46.6,CAM-2,This 0 9: CAM-1 Yes. 09:,mixed,,,3
34:47:9,CAM-2,09:,unmarked,yes,U/I; Unintelligible Arabic phrase,3
34:51:8,CAM,,unmarked,,The sound of a distinctive knock on the door,3
09:34:57.3,CAM-1,"One moment, one moment",translated_arabic,,,3
09:34:59.1,CAM-2,,unmarked,,U/I; Unintelligible Arabic phrase,3
09:35:03.4,CAM-1,No more,english_spoken,,,3
09:35:06.5,CAM-1,"Down, down, down!",english_spoken,,,3
09:35:09.5,CAM-1,"No, no, no, no, no, no. 09:",english_spoken,,,3
35:15:2,CAM-1,"Sit down, sit down, sit down!",english_spoken,,U/I,3
09:35:17.6,CAM-1,DOWN!,english_spoken,yes,,3
09:35:18.1,CAM-2,What's this,translated_arabic,,,3
09:35:19.5,CAM-1,"Sit Down! Sit down! You know,, sit down!",english_spoken,,,3
09:35:24.9,HOT-4,Are you talking to me,english_spoken,,,3
09:35:30.7,HOT/CAM-1,"Down, down, down, DOWN!",english_spoken,,,3
09:35:32.3,HOT/CAM-1,"No, no, no",english_spoken,,,3
09:35:34.1,HOT/CAM-1,"Down, down!",english_spoken,,,3
09:35:35.0,HOT/CAM-1,"No, no. Down in the airport",english_spoken,,,3
09:35:39.9,HOT/CAM-1,"Down, DOWN!",english_spoken,,,3
09:35:40.6,HOT-4,I don't want to die. 09:,english_spoken,,A native English speaking female,3
35:41:9,HOT/CAM-1,"no. Down, DOWN!",english_spoken,,,3
09:35:42.8,HOT-4,I don't want to die. I don't want to die. 09:,english_spoken,,A native English speaking female,3
35:44:2,CAM,"1 No, no. Down, down, down, down, down, down",english_spoken,,,3
09:35:47.2,HOT-4,"No, no, please",english_spoken,,,3
09:35:52.1,CAM,,unmarked,,The sound of a snap,3
09:35:56.2,CAM-4,,unmarked,,The sound of a female crying,3
09:35:57.9,CAM-1,No. 3 of 1 0,english_spoken,,,3
09:36:01.7,CAM-4,,unmarked,,The sound of a female crying. And a struggle that lasted for few seconds,4
09:36:23.1,CAM,,unmarked,,The sound of a struggle w ith a female,4
09:37:06.0,CAM-1,That's it. Go back. Back..back,english_spoken,,,4
09:37:06.4,CAM-1,That's it! Sit down!,english_spoken,,,4
09:37:13.8,CAM,,unmarked,,The sound of numerous clicks,4
09:37:24,CTR,,unmarked,,Attempt by the control center to contact the plane,4
09:37:36.0,CAM-2,"Everything is fine, I finished",unmarked,,,4
09:37:40.7,CAM,,unmarked,,U/I; Continuous background Arabic conversations. Faraway. Hard to hear,4
09:37:53.6,CAM,,unmarked,,The sound of probably plates/glass rattling,4
09:37:55,CTR,,unmarked,,Attempt by the control center to contact the plane,4
09:37:59.0,CAM,,unmarked,,U/I; Continuous background Arabic conversations. Far away. Hard to hear,4
09:38:36.3,CAM-1,,unmarked,,The sound of a knock on the cabin door,4
09:38:36.3,CAM-2,Yes,unmarked,,,4
09:38:50.6,CAM-?,,unmarked,,U/I; Unintelligible Arabic conversation,4
09:39:09.0,CAM,,unmarked,,The sound of a metallic ring,4
09:39:11.5,CAM-1,"Ah! Here's the captain; I would like you all to remain seated. We have a bomb aboard, and we are going back to the airport, and we have our demands. So, please remain quiet",english_spoken,,Over head broadcast,4
09:39:20.6,CAM-?,,unmarked,,U/I; Unintelligible Arabic question,4
09:39:21.3,CTR,Okay. That's United ninety three calling,english_spoken,,,4
09:39:24,CAM-1,One moment,unmarked,,,4
09:39:34.6,CTR,United ninety three. I understand you have a bomb onboard. Go ahead,english_spoken,,,4
09:39:42,EX956,And center exec jet nine fifty s ix. That was the transmission,english_spoken,,,4
09:39:47.7,CTR,Okay. Ah! Who called Cleveland,english_spoken,,,4
09:39:52.8,CTR,"Executive jet nin e fifty six, did you understand that transmission",english_spoken,,,4
09:39:56.1,EX956,Affirmative. He said that there was a bomb onboard. 09 CAM,english_spoken,,The sound of numerous clicking/snapping sounds,4
09:39:58.8,CTR,That was all that you got out of it also,english_spoken,,,4
09:40:01.2,EX956,Affirmative,english_spoken,,,4
09:40:03.3,CTR,Roger,english_spoken,,,4
09:40:03.5,CTR,United ninety three. Go ahead,english_spoken,,,4
09:40:06.2,CAM,,unmarked,,The sound of a loud snap,4
09:40:14.1,CTR,United ninety three. Go ahead,english_spoken,,,4
09:40:17.7,CAM-?,Ahhh!,english_spoken,,"From a distance, a male shout",4
09:40:52.6,CAM-1/?,This green knob,unmarked,,,4
09:40:54.4,CAM-2/?,"Yes, that's the one",unmarked,,,4
09:41:05.0,CTR,"United ninety three, do you hear the Cleveland center:31 HOT-2",english_spoken,,The sound of a microphone being removed,4
09:41:14.8,CAM-?,One moment. One moment,translated_arabic,,,5
09:41:15.9,CAM-?,,unmarked,,U/I; Unintelligible Arabic phrase,5
09:41:20.7,RDO,,unmarked,,Cycling through the VHF radio frequency selector. Activating various frequencies,5
09:41:21.3,CAM,RDO CAM,unmarked,yes,The sound of cabin chime; Warren county ATIS is being received on radio 1 starts; The sound of numerous snaps and clicks,5
09:41:38.0,CAM,,unmarked,,The sound of cabin call chime,5
09:41:56.4,CAM-?,Oh man!,english_spoken,,A low pitch native English speaking male,5
09:42:52.3,CAM,,unmarked,,The sound of numerous snaps,5
09:43:57.1,CAM,,unmarked,,"ATIS stops on co-pilot's number 2 radio channel, and cockpit crew speaker",5
09:44:18.3,CAM-?,This does not work now,translated_arabic,,,5
09:44:26.3,CAM,,unmarked,,The sound of 2 click,5
09:44:37.4,CAM,,unmarked,,The sound of auto-pilot disconnect warning starts,5
09:45:13.4,CAM-1,Turn it off,english_spoken,,,5
09:45:19.8,CAM-?,"How about we let them in We let the guys in, now",translated_arabic,,,5
09:45:23.2,CAM-?,Okay,translated_arabic,,,5
09:45:24.0,CAM-?,Should we let the guys in,translated_arabic,,,5
09:45:25.9,CAM-1,"Inform them, and tell him to talk to the pilot. Bring the pilot back",translated_arabic,,,5
09:45:42.1,CAM,,unmarked,,The sound of auto-pilot disconnect warning stops,5
09:45:42.3,CAM,,unmarked,,The sound of four alert tones,5
09:45:51,RDO-1,,unmarked,,ATIS transmission stopped on captains radio channels,5
09:45:54.0,CAM,,unmarked,,A male shouting in the background. Far away,5
09:45:57.5,CAM-1,"In the name of Allah. In the name of Allah. I bear witness that there is no other God, but Allah",translated_arabic,,A native Arabic speaking male whispering the Shahadah,5
09:46:03.2,CAM,,unmarked,,The sound of four alert tones,5
09:46:20.5,CAM,,unmarked,,The sound of 2 knocks on the door,5
09:46:23.1,CAM,,unmarked,,The sound of the door opening,5
09:46:37.3,CAM,,unmarked,,The sound of auto-pilot disconnect warning starts,5
09:46:39.2,CAM,,unmarked,,The sound of a click,5
09:46:44.5,CAM,,unmarked,,The sound of auto-pilot disconnect warning stops,5
09:47:31.2,CAM-?,,unmarked,,U/I; Unintelligible Arabic question,5
09:47:34.2,CAM-2,Allah knows,translated_arabic,,,5
09:48:15.4,CAM-?,,unmarked,,U/I; Unintelligible background words,5
09:48:18.4,CAM,CVR f r om UA Flight #93,unmarked,,The sound of distinctive knocks on the door,5
09:48:21.0,CAM,,unmarked,,The sound of the door opening,6
09:48:38.1,CAM-1,Set course,english_spoken,,,6
09:48:39.4,CAM,,unmarked,,The sound of 5 quick thumps,6
09:48:57.2,RDO-1,,unmarked,,Warren tower ATIS starts,6
09:49:35.5,CAM,,unmarked,,U/I; Unintelligible phrase,6
09:49:55.5,CAM,,unmarked,,"The sound of papers being shuffled, or movements",6
09:50:37.4,RDO-1,,unmarked,,ATIS stops on the captain's radio,6
09:50:44.5,CAM,,unmarked,,The sound of 3 coughs,6
09:51:27.5,CAM,,unmarked,,U/I; Unintelligible phrase,6
09:51:35.9,CAM,1,unmarked,,U/I; Unintelligible phrase,6
09:51:44.9,RDO-1,,unmarked,,ATIS starts on the captain's radio channel Whiskey,6
09:52:02.1,CAM-1,,unmarked,,U/I; Unintelligible phrase,6
09:52:31.1,CAM-1,,unmarked,,U/I; Unintelligible phrase,6
09:52:39.9,RDO-1,,unmarked,,ATIS stops,6
09:52:40.6,CAM-1,,unmarked,,U/I; A whisper,6
09:53:20.9,CAM-2,"The best thing: The guys will go in, lift up the, and they put the ax into it. So, everyone will be scared",translated_arabic,,you; U/I,6
09:53:26.3,CAM-1,Yes,translated_arabic,,,6
09:53:28.0,CAM-?,,unmarked,,U/I,6
09:53:29.7,CAM-1,,unmarked,,"No, not the U/I",6
90:53:30.0,CAM,,unmarked,,The sound of a cough,6
09:53:35.3,CAM-2,Let him look through the window. Let him look through the window,translated_arabic,,,6
09:53:52.5,CAM-?,,unmarked,,U/I; Unintelligible phrase,6
09:54:07.4,HOT-?,,unmarked,,U/I; Unintelligible phrase,6
09:54:07.8,CAM-?,,unmarked,,The sound of 3 knocks on the door,6
09:54:09,CAM-?,Open,translated_arabic,,,6
09:54:11,CAM,,unmarked,,U/I; Unintelligible dialog,6
09:54:16.8,CAM,,unmarked,,The sound of a door closing/opening,6
09:54:55,,cam,unmarked,,A cough,6
09:55:06,CAM-1,You are... One,english_spoken,,,6
09:55:53,CAM,,unmarked,,The sound of a door closing/opening,6
09:56:15.6,CAM-?,,unmarked,,U/I; Unintelligible phrase,6
09:56:20.3,CAM,,unmarked,,"The sound of a loud snap, and unintelligible phrase",6
09:56:48,CAM,,unmarked,,The sound of 2 coughs,6
09:57:16,CAM,,unmarked,,The sound of a snap,6
09:57:42.0,CAM,,unmarked,,"The sound of papers being shuffled, or movements",6
09:57:55.0,CAM-?,Is there something,translated_arabic,,,6
09:57:57.9,CAM-1,A fight,unmarked,,,7
09:57:59.0,CAM-2,١٠ Yeah,translated_arabic,,,7
09:58:02.1,CAM,,unmarked,,The sound of a light knock on the door,7
09:58:15.8,CAM,,unmarked,,The sound of opening,7
09:58:20.3,CAM,,unmarked,,"The sound of a male scream from a distance, and fighting in the background",7
09:58:21.8,CAM,,unmarked,,The sound of a male screaming from a distance,7
09:58:32.9,CAM-?,,unmarked,,U/I; Unintelligible phrase. Far-away. Hard to hear,7
09:58:33.3,CAM-1.,Let's go guys! Allah is Greatest. Allah is Greatest. Oh guys! Allah is Greatest,translated_arabic,,,7
09:58:41,CAM-?,1 Ugh!,unmarked,,The sound of a fight/struggle,7
09:58:43.9,CAM-?,Ugh!,unmarked,,The sound of a fight/struggle,7
09:58:44.3,CAM-1,Oh Allah! Oh Allah! Oh the most Gracious!,translated_arabic,,,7
09:58:47.9,CAM-?,Ugh! Ugh!,english_spoken,,The sound of a fight/struggle,7
09:58:52.8,CAM-?,STAY BACK!,english_spoken,yes,,7
09:58:55.2,CAM-?,In the cockpit,english_spoken,,A native English speaking male,7
09:58:57.3,CAM-?,In the cockpit,english_spoken,,A native English speaking male,7
09:58:57.6,CAM-1,"They want to get in there. Hold, hold from the inside. Hold from the inside. Hold. عاوزين يدخلوالهناك. إمسك, إمسك من الداخل. إمسك من الداخل. إمسك",translated_arabic,,The door,7
09:59:04.3,"CAM,?",hold the door,english_spoken,,U/I; Multiple native English speaking voices,7
09:59:09.3,CAM-?,Stop him,english_spoken,,A native English speaking male,7
09:59:11.5,CAM-3,Sit down! CAM-3 Sit down!,english_spoken,,,7
09:59:15.0,CAM-3,Sit down!,english_spoken,,,7
09:59:16.7,CAM-?,,unmarked,,U/I; Unintelligible Arabic phrase,7
09:59:17.5,CAM-1,What,translated_arabic,,,7
09:59:18.8,CAM-1,There are some guys. All those guys,translated_arabic,,,7
09:59:20.5,CAM-?,Let's get them,english_spoken,,A native English speaking male,7
09:59:25.7,CAM-?,Sit down!,english_spoken,,,7
09:59:27.2,CAM,,unmarked,,The sound of a fight in the background!,7
09:59:29.1,CAM-1,What,translated_arabic,,,7
09:59:30.9,CAM-2,! What,translated_arabic,,,7
09:59:36.7,CAM-2,,unmarked,,U/I; Unintelligible Arabic phrase,7
09:59:37.9,CAM-1,What,translated_arabic,,,7
09:59:39.1,CAM-2,,unmarked,,U/I; Unintelligible Arabic phrase,7
09:59:41.3,CAM-1,,unmarked,,U/I; Unintelligible Arabic phrase,7
09:59:42.5,CAM-2,"Trust in Allah, and in him",translated_arabic,,,7
09:59:45.0,CAM-,Sit down. 7010 ،,english_spoken,,From a distance,7
09:59:46.9,CAM,,unmarked,,The sound of a loud metal to metal snap,8
09:59:47.8,CAM-2,,unmarked,,U/I; Unintelligible Arabic phrase,8
09:59:50.6,CAM,,unmarked,,The sound of a loud metal to metal snap,8
09:59:53.8,CAM-?,Ah!,english_spoken,,Shouted by an Arabic speaking male,8
09:59:54.0,CAM,,unmarked,,The sound of a loud thump,8
09:59:55.1,CAM-?,Ah!,unmarked,,"Shouted with force, by an Arabic speaking male",8
09:59:55.5,CAM,: CAM,unmarked,yes,The start of crash sounds mixed with glass/plate; End of crash sounds,8
09:59:57.8,CAM,,unmarked,,The sound of 3 alert tones,8
09:59:58.2,CAM,,unmarked,,The start of series of very loud crashes,8
09:59:58.6,CAM-?,Ah!,unmarked,,"Shouted with force, by an Arabic speaking male",8
10:00:00.6,CAM,,unmarked,,End of crash sounds,8
10:00:06.4,CAM-?,There is nothing,translated_arabic,,,8
10:00:07.6,CAM,1 Is that it Shall we finish it off,translated_arabic,,,8
10:00:08.7,CAM-?,No. Not yet,translated_arabic,,,8
10:00:09.6,CAM-2,"When they all come, we finish it off",translated_arabic,,,8
10:00:11.4,CAM-1,There is nothing,translated_arabic,,,8
10:00:13.0,CAM-2,,unmarked,,U/I; Unintelligible Arabic phrase,8
10:00:14.0,CAM-?,Ah!,unmarked,,It was shouted by a native English speaking male,8
10:00:15.4,CAM-?,I'm injured,english_spoken,,It was said by a native English speaking male,8
10:00:16.4,CAM-?,,unmarked,,U/I; Unintelligible Arabic phrase,8
10:00:17.1,CAM,,unmarked,,The sound of a loud metal to metal snap,8
10:00:21.1,CAM-?,Ah!,english_spoken,,"A faint, distant shout",8
10:00:22.2,CAM-1,Oh Allah! Oh Allah! Oh Gracious!,translated_arabic,,,8
10:00:25.7,CAM-?,In the cockpit. If we don't we'll die!,english_spoken,,Shouted by a native English speaking male,8
10:00:29.5,CAM-1,"Up, down. Up, down, in the cockpit",mixed,,,8
10:00:30.2,CAM,,unmarked,,"The sound of auto-pilot disconnect warning starts, and continuous until the end of the recording",8
10:00:33.0,CAM-1,The Cockpit,mixed,,,8
10:00:37.3,CAM-1,"Up, down. Saeed, up, down!!",translated_arabic,,Arabic first name. See picture,8
10:00:42.1,CAM-?,Roll it!,english_spoken,,"Command shouted, in the distance, by a native English speaking male",8
10:00:46.7,CAM,,unmarked,,The sound of the first of two loud plates/glass crashes,8
10:00:47.9,CAM,,unmarked,,The sound of the second of two loud plates/glass crashes,8
10:00:55.0,CAM-?,,unmarked,,Unintelligible Arabic phrase,8
10:00:57.7,HOT-2,,unmarked,,The sound of a microphone being moved,9
10:00:59.5,CAM-1,Allah is the Greatest! Allah is the Greatest!,translated_arabic,,,9
10:01:01.4,CAM-2,10:0 06.9 CAM,unmarked,yes,U/I; Unintelligible Arabic phrase; The sound a metallic click,9
10:01:08.4,CAM-1,"Is that it I mean, shall we pull it down",translated_arabic,,,9
10:01:09.8,CAM-2,"Yes, put it in it, and pull it down",translated_arabic,,,9
10:01:11.2,CAM-1,engine,english_spoken,,U/I; U/I,9
10:01:12.1,CAM,Saeed!,translated_arabic,,U/I; Arabic Name. See picture,9
10:01:16.9,CAM-1,Cut off the oxygen!,mixed,,,9
10:01:18.7,CAM-1,Cut off the oxygen! Cut off the oxygen! Cut off the! oxygen,mixed,,,9
10:01:23.8,CAM,,unmarked,,The sound of a loud metallic click,9
10:01:34.1,CAM-?,,unmarked,,U/I; Unintelligible Arabic phrase,9
10:01:37.2,CAM-2,,unmarked,,U/I; Unintelligible Arabic phrase,9
10:01:39.6,CAM,,unmarked,,The sound of 2 metallic snaps,9
10:01:41.1,CAM-1,"Up, down. Up, down",translated_arabic,,,9
10:01:41.5,CAM-2,What,translated_arabic,,,9
10:01:42.0,CAM-1,"Up, down",translated_arabic,,,9
10:01:42.1,CAM-?,Ah!,english_spoken,,In the background,9
10:01:44.5,CAM,,unmarked,,The sound of the first of two loud crashes,9
10:01:45.9,CAM,,unmarked,,The sound of the second of two loud crashes,9
10:01:49.3,CAM,10,unmarked,,The sound of two snaps,9
01:51:3,CAM-?,,unmarked,,The sound of a loud grunt,9
10:01:52.4,CAM-?,,unmarked,,The sound of a loud grunt,9
10:01:53.1,"CAM""?",,unmarked,,The sound of a loud grunt,9
10:01:53.7,CAM-?,Ah!,english_spoken,,A loud shout by a male from a distance,9
10:01:55.3,CAM-?,Ah!,english_spoken,,A loud shout by a native English speaking male,9
10:01:58.1,CAM,,unmarked,,A loud crash that lasted for 2.16 seconds,9
10:01:59.8,CAM-?,Shut them off!,unmarked,,U/I,9
10:02:03.5,CAM-1,Shut them off!,english_spoken,,,9
10:02:06.5,CAM,,unmarked,,the start of numerous metallic clicks,9
10:02:12.9,CAM,,unmarked,,The end of the clicks,9
10:02:14.1,CAM-1,Go!,english_spoken,,,9
10:02:14.9,CAM-1,Go!,english_spoken,,,9
10:02:15.7,CAM-?,MOVE!,english_spoken,yes,,9
10:02:16.6,CAM-?,MOVE!,english_spoken,yes,,9
10:02:17.3,CAM-?,Turn it up!,english_spoken,,"A very loud shout, by a native. English speaking male",9
10:02:18.7,CAM-1,"Down, down",translated_arabic,,,9
10:02:20.6,CAM,,unmarked,,The sound of 5 loud clicks,9
10:02:23.0,CAM-?,Pull it down! Pull it down! DOWN!,translated_arabic,,,9
10:02:25.7,CAM-?,"Down. Push, push, push, push. push",english_spoken,,U/I,10
10:02:32.1,CAM,,unmarked,,The sound of 4 alert tones,10
10:02:33.2,CAM-2,Hey! Hey! Give it to me. Give it to me,translated_arabic,,,10
10:02:35.0,CAM-2,Give it to me. Give it to me. Give it to me,translated_arabic,,,10
10:02:37.4,CAM-2,Give it to me. Give it to me. Give it to me,translated_arabic,,,10
10:02:42.7,,C AM,unmarked,yes,The sound of a grunt,10
10:02:43.1,CAM.,,unmarked,,The sound of a loud air noise starts,10
10:02:52.2,CAM,,unmarked,,The sound of a loud air noise stops,10
10:02:53.4,CAM,,unmarked,,The sound of a loud air noise starts,10
10:02:58.5,CAM,,unmarked,,The sound of a grunt,10
10:03:02.7,CAM,3 Allah is the Greatest!,translated_arabic,,,10
10:03:03,CAM-3,Allah is the Greatest!!,translated_arabic,,,10
10:03:04,CAM-3,Allah is the Greatest!,translated_arabic,,,10
10:03:05.5,CAM,,unmarked,,The sound of 4 alert tones,10
10:03:06.0,CAM-3,Allah is the Greatest!,translated_arabic,,,10
10:03:06.7,CAM-3,! Allah is the Greatest,translated_arabic,,,10
10:03:07.2,CAM-?,NO!!!,unmarked,yes,"The sound of a struggle, and a native English speaking man shouting loudly",10
10:03:09.0,HOT-2,,unmarked,,The sound of a microphone that continued until the end of the recording,10
10:03:09.1,CAM-3,Allah is the Greatest! Allah is the Greatest!,translated_arabic,,A whisper,10
10:03:09.2,CAM,,unmarked,,"The sound of a loud air noise stops, and screams",10
10:03:09.3,CAM-3,Allah is the Greatest! Allah is the Greatest!,translated_arabic,,A whisper,10
10:03:10,CAM,,unmarked,,Silence,10
10:03:10.9,CAM,,unmarked,,End of recording,10
