time_edt,pressure_alt_ft,roll_deg,pitch_deg,vertical_g,voices,marked_beat,beat_certainty
09:57:00,7210,-0.4,0.0,0.982,,The revolt begins.,published
09:57:01,7188,-0.4,0.0,0.984,,,
09:57:02,7165,-0.4,0.0,0.986,,,
09:57:03,7146,-0.4,0.0,0.989,,,
09:57:04,7122,-0.4,0.0,0.991,,,
09:57:05,7103,-0.4,0.0,0.989,,,
09:57:06,7080,-0.4,0.0,0.993,,,
09:57:07,7059,-0.4,0.0,0.993,,,
09:57:08,7038,-0.4,0.0,0.989,,,
09:57:09,7016,-0.4,0.0,0.989,,,
09:57:10,6994,-0.7,0.0,0.984,,,
09:57:11,6973,-1.1,0.0,0.982,,,
09:57:12,6950,-1.1,0.0,0.984,,,
09:57:13,6928,-0.7,0.0,0.982,,,
09:57:14,6906,-0.7,0.0,0.991,,,
09:57:15,6886,-0.7,0.0,0.989,,,
09:57:16,6862,-0.4,0.0,0.982,,,
09:57:17,6839,-0.4,0.0,0.979,,,
09:57:18,6818,-0.4,0.0,0.982,,,
09:57:19,6796,-0.4,0.0,0.989,,,
09:57:20,6774,-0.4,0.0,0.998,,,
09:57:21,6752,-0.4,0.0,1.0,,,
09:57:22,6730,0.0,0.0,0.991,,,
09:57:23,6708,0.0,0.0,0.989,,,
09:57:24,6687,0.0,0.0,0.991,,,
09:57:25,6666,0.0,0.0,0.993,,,
09:57:26,6644,0.0,0.0,0.993,,,
09:57:27,6624,0.0,0.0,0.993,,,
09:57:28,6602,0.0,0.0,0.989,,,
09:57:29,6582,0.0,0.0,0.991,,,
09:57:30,6558,-0.4,0.0,0.986,,,
09:57:31,6536,-1.4,0.0,0.982,,,
09:57:32,6515,-2.8,0.0,0.984,,,
09:57:33,6494,-4.9,0.0,0.979,,,
09:57:34,6471,-6.7,0.0,0.991,,,
09:57:35,6449,-8.8,0.0,0.991,,The rolling starts.,measured
09:57:36,6426,-11.2,0.0,1.005,,,
09:57:37,6404,-13.4,0.0,1.007,,,
09:57:38,6381,-15.1,0.0,1.018,,,
09:57:39,6358,-16.9,0.0,1.034,,,
09:57:40,6335,-18.3,0.0,1.044,,,
09:57:41,6313,-19.3,0.0,1.053,,,
09:57:42,6291,-20.0,0.0,1.046,"CAM: The sound of papers being shuffled, or movements [unmarked]",,
09:57:43,6269,-20.4,0.0,1.048,,,
09:57:44,6246,-20.7,0.0,1.055,,,
09:57:45,6225,-21.1,0.0,1.055,,,
09:57:46,6203,-21.4,0.4,1.06,,,
09:57:47,6181,-21.4,0.4,1.062,,,
09:57:48,6160,-21.8,0.4,1.062,,,
09:57:49,6138,-21.4,0.4,1.057,,,
09:57:50,6115,-21.4,0.4,1.06,,,
09:57:51,6095,-21.8,0.4,1.082,,,
09:57:52,6076,-21.8,0.4,1.092,,,
09:57:53,6055,-21.4,0.4,1.06,,,
09:57:54,6036,-20.7,0.4,1.046,,,
09:57:55,6015,-19.7,0.4,1.039,CAM ?: Is there something [arabic],,
09:57:56,5995,-18.6,0.4,1.039,,,
09:57:57,5974,-16.9,0.4,1.032,CAM 1: A fight [unmarked],,
09:57:58,5953,-15.5,0.4,1.025,,,
09:57:59,5933,-13.4,0.4,1.027,CAM 2: Yeah [arabic],,
09:58:00,5913,-11.6,0.4,1.016,,,
09:58:01,5891,-10.2,0.4,0.989,,,
09:58:02,5866,9.1,1.1,1.176,CAM: The sound of a light knock on the door [unmarked],,
09:58:03,5852,5.3,1.4,0.977,,,
09:58:04,5830,-30.9,1.1,0.961,,,
09:58:05,5806,-7.7,1.4,1.316,,,
09:58:06,5788,7.0,0.7,0.844,,,
09:58:07,5764,-24.3,1.1,1.211,,,
09:58:08,5744,-27.4,0.0,0.801,,,
09:58:09,5716,12.3,1.1,1.286,,,
09:58:10,5690,19.7,0.4,0.863,,,
09:58:11,5670,-4.6,0.7,1.229,,,
09:58:12,5644,-25.0,0.0,0.986,,,
09:58:13,5624,-3.9,0.7,1.126,,,
09:58:14,5593,22.5,0.7,1.016,,,
09:58:15,5579,1.4,0.7,1.062,CAM: The sound of opening [unmarked],,
09:58:16,5546,-33.7,0.7,1.135,,,
09:58:17,5525,-33.7,-0.4,0.936,,,
09:58:18,5494,0.7,0.7,1.245,,,
09:58:19,5476,2.5,0.7,1.094,,,
09:58:20,5458,-17.9,1.1,1.151,"CAM: The sound of a male scream from a distance, and fighting in the background [unmarked]",,
09:58:21,5440,-24.6,0.7,0.812,CAM: The sound of a male screaming from a distance [unmarked],,
09:58:22,5418,10.9,1.8,1.288,,,
09:58:23,5399,22.1,0.7,0.934,,,
09:58:24,5382,3.9,1.1,1.197,,,
09:58:25,5363,-12.0,0.7,0.991,,,
09:58:26,5343,-3.2,0.7,1.023,,,
09:58:27,5319,6.3,0.7,0.842,,,
09:58:28,5304,-19.7,1.1,1.085,,,
09:58:29,5266,-46.4,-0.4,0.945,,,
09:58:30,5240,-29.5,-0.7,1.073,,,
09:58:31,5208,14.4,1.8,1.389,,,
09:58:32,5174,36.9,0.4,1.044,CAM ?: U/I; Unintelligible phrase. Far-away. Hard to hear [unmarked],,
09:58:33,5155,23.6,-0.4,0.952,CAM 1.: Let's go guys! Allah is Greatest. Allah is Greatest. Oh guys! Allah is Greatest [arabic],,
09:58:34,5134,-12.3,1.8,1.389,,,
09:58:35,5104,-37.3,0.7,1.048,,,
09:58:36,5093,-17.6,1.1,1.277,,,
09:58:37,5076,19.0,2.8,1.366,,,
09:58:38,5068,21.8,2.1,0.911,,,
09:58:39,5068,-2.1,2.8,1.3,,,
09:58:40,5063,-20.7,2.5,1.025,,,
09:58:41,5062,-6.3,2.8,1.135,CAM ?: Ugh! [unmarked],,
09:58:42,5060,13.7,2.8,1.076,,,
09:58:43,5055,8.1,2.5,0.995,CAM ?: Ugh! [unmarked],,
09:58:44,5059,11.2,2.8,1.009,CAM 1: Oh Allah! Oh Allah! Oh the most Gracious! [arabic],,
09:58:45,5046,37.6,2.1,0.989,,,
09:58:46,5035,30.2,1.1,0.785,,,
09:58:47,5029,0.7,2.5,1.298,CAM ?: Ugh! Ugh! [english],,
09:58:48,5022,-21.8,2.5,1.087,,,
09:58:49,5017,-12.3,2.5,1.156,,,
09:58:50,5012,-7.4,2.5,1.08,,,
09:58:51,5014,0.0,2.5,0.897,,,
09:58:52,5010,17.2,2.8,1.039,CAM ?: STAY BACK! [english-shout],,
09:58:53,5013,-1.1,2.8,1.025,,,
09:58:54,5009,-26.7,2.8,0.998,,,
09:58:55,5008,-6.7,3.2,1.286,CAM ?: In the cockpit [english],,
09:58:56,5007,7.0,3.2,1.048,,,
09:58:57,5011,3.2,2.5,0.973,"CAM ?: In the cockpit [english] | CAM 1: They want to get in there. Hold, hold from the inside. Hold from the inside. Hold. عاوزين يدخلوالهناك. إمسك, إمسك من الداخل. إمسك من الداخل. إمسك [arabic]",,
09:58:58,5013,3.9,2.5,0.95,,,
09:58:59,5012,1.8,2.1,0.959,,,
09:59:00,5011,1.8,2.1,0.959,,,
09:59:01,5010,2.1,2.1,0.968,,,
09:59:02,5005,3.2,2.1,0.982,,,
09:59:03,5004,9.8,2.1,1.0,,,
09:59:04,5000,13.7,2.1,0.89,"CAM,?: hold the door [english]",,
09:59:05,4998,-5.6,2.5,1.13,,,
09:59:06,4994,-8.1,2.5,1.002,,,
09:59:07,4992,-2.1,2.5,1.021,,,
09:59:08,4991,-0.4,2.5,1.009,,,
09:59:09,4992,1.1,2.5,0.995,CAM ?: Stop him [english],,
09:59:10,4993,2.5,2.5,1.002,,,
09:59:11,4993,3.2,2.5,0.993,CAM 3: Sit down! Sit down! [english],,
09:59:12,4993,3.9,2.5,0.991,,,
09:59:13,4994,4.2,2.5,0.984,,,
09:59:14,4995,4.2,2.5,0.984,,,
09:59:15,4996,4.6,2.5,0.984,CAM 3: Sit down! [english],The autopilot levels off at the altitude somebody selected eleven minutes earlier.,measured
09:59:16,4995,4.2,2.5,0.984,CAM ?: U/I; Unintelligible Arabic phrase [unmarked],,
09:59:17,4995,3.9,2.5,0.979,CAM 1: What [arabic],,
09:59:18,4995,4.6,2.5,0.842,CAM 1: There are some guys. All those guys [arabic],,
09:59:19,4990,26.0,2.8,1.172,,,
09:59:20,4980,28.5,2.1,0.776,CAM ?: Let's get them [english],,
09:59:21,4985,-5.6,3.5,1.195,,,
09:59:22,4973,-35.5,3.2,1.085,,,
09:59:23,4973,-26.4,2.5,1.034,,,
09:59:24,4973,8.4,3.9,1.298,,,
09:59:25,4974,15.5,3.5,1.03,CAM ?: Sit down! [english],,
09:59:26,4988,-11.2,3.9,1.08,,,
09:59:27,4984,-33.7,3.5,1.021,CAM: The sound of a fight in the background! [unmarked],,
09:59:28,4991,-27.4,3.2,0.918,,,
09:59:29,4992,12.3,4.6,1.288,CAM 1: What [arabic],,
09:59:30,4994,22.5,3.5,0.945,CAM 2: ! What [arabic],,
09:59:31,5008,-6.0,3.9,1.078,,,
09:59:32,5007,-30.6,3.5,1.011,,,
09:59:33,5012,-23.2,3.2,1.014,,,
09:59:34,5015,13.7,3.9,1.19,,,
09:59:35,5009,32.0,2.8,0.943,,,
09:59:36,5016,10.2,2.8,0.963,CAM 2: U/I; Unintelligible Arabic phrase [unmarked],,
09:59:37,5014,-27.8,3.9,1.311,CAM 1: What [arabic],,
09:59:38,5016,-36.6,2.5,0.81,,,
09:59:39,5013,-10.9,3.2,1.227,CAM 2: U/I; Unintelligible Arabic phrase [unmarked],,
09:59:40,5016,-9.8,3.2,0.961,,,
09:59:41,5022,15.1,3.5,1.238,CAM 1: U/I; Unintelligible Arabic phrase [unmarked],,
09:59:42,5025,18.6,2.8,0.799,"CAM 2: Trust in Allah, and in him [arabic]",,
09:59:43,5029,3.9,2.8,1.005,,,
09:59:44,5033,0.4,2.5,0.957,,,
09:59:45,5034,1.4,2.5,0.943,CAM: Sit down. 7010 ، [english],,
09:59:46,5032,2.5,2.1,0.943,CAM: The sound of a loud metal to metal snap [unmarked],,
09:59:47,5032,3.5,2.1,0.952,CAM 2: U/I; Unintelligible Arabic phrase [unmarked],,
09:59:48,5030,3.9,2.1,0.959,CAM: The sound of a snap [unmarked],,
09:59:49,5032,4.6,2.1,0.966,,,
09:59:50,5032,4.9,2.1,0.961,CAM: The sound of a loud metal to metal snap [unmarked],,
09:59:51,5030,17.9,2.5,1.092,,,
09:59:52,5027,4.2,2.8,1.304,,,
09:59:53,5104,-0.4,9.5,2.955,CAM ?: Ah! [english],,
09:59:54,5214,2.1,20.4,2.719,CAM: The sound of a loud thump [unmarked],,
09:59:55,5249,1.1,8.4,-0.788,CAM ?: Ah! [unmarked] | CAM: The start of crash sounds mixed with glass/plate; End of crash sounds [unmarked],,
09:59:56,5317,1.1,6.7,0.865,,,
09:59:57,5377,2.1,9.1,0.654,CAM: The sound of 3 alert tones [unmarked],,
09:59:58,5366,2.8,2.5,-0.616,CAM: The start of series of very loud crashes [unmarked] | CAM ?: Ah! [unmarked],,
09:59:59,5369,4.6,1.1,0.789,,,
10:00:00,5437,5.6,7.0,2.28,CAM: End of crash sounds [unmarked],,
10:00:01,5491,4.9,14.1,2.126,,,
10:00:02,5565,2.5,10.2,0.773,,,
10:00:03,5625,0.7,8.4,0.581,,,
10:00:04,5680,0.7,8.1,0.801,,,
10:00:05,5734,1.4,8.4,0.984,,,
10:00:06,5788,1.4,8.4,1.002,CAM ?: There is nothing [arabic],,
10:00:07,5841,1.8,8.4,0.982,CAM: 1 Is that it Shall we finish it off [arabic],,
10:00:08,5888,1.8,7.0,0.783,CAM ?: No. Not yet [arabic],,
10:00:09,5934,2.1,7.4,0.963,"CAM 2: When they all come, we finish it off [arabic]",They decide to wait.,published
10:00:10,5978,2.5,7.4,0.963,,,
10:00:11,6025,2.8,7.0,0.968,CAM 1: There is nothing [arabic],,
10:00:12,6052,2.5,5.3,0.517,,,
10:00:13,6069,2.8,3.2,0.528,CAM 2: U/I; Unintelligible Arabic phrase [unmarked],,
10:00:14,6077,3.2,2.5,0.732,CAM ?: Ah! [unmarked],,
10:00:15,6084,3.9,2.5,0.902,CAM ?: I'm injured [english],,
10:00:16,6085,3.9,2.1,0.89,CAM ?: U/I; Unintelligible Arabic phrase [unmarked],,
10:00:17,6082,3.5,1.8,0.785,CAM: The sound of a loud metal to metal snap [unmarked],,
10:00:18,6068,3.2,0.4,0.689,,,
10:00:19,6048,3.2,-0.4,0.778,,,
10:00:20,6021,2.8,-0.7,0.785,,,
10:00:21,5997,2.5,-1.1,0.977,CAM ?: Ah! [english],,
10:00:22,5986,2.5,1.1,1.472,CAM 1: Oh Allah! Oh Allah! Oh Gracious! [arabic],,
10:00:23,5981,2.1,1.4,1.167,,,
10:00:24,5977,1.4,1.8,1.071,,,
10:00:25,5987,1.1,2.5,1.231,CAM ?: In the cockpit. If we don't we'll die! [english],,
10:00:26,5998,1.1,2.8,1.105,,,
10:00:27,6025,1.1,3.9,1.373,,,
10:00:28,6044,1.1,4.2,0.95,,,
10:00:29,6050,0.7,2.5,0.597,"CAM 1: Up, down. Up, down, in the cockpit [mixed]",,
10:00:30,6060,0.7,2.1,0.995,"CAM: The sound of auto-pilot disconnect warning starts, and continuous until the end of the recording [unmarked]",The autopilot comes off.,measured
10:00:31,6073,1.1,2.8,1.094,,,
10:00:32,6082,1.4,2.5,0.938,,,
10:00:33,6086,2.1,1.8,0.78,CAM 1: The Cockpit [mixed],,
10:00:34,6090,1.1,1.8,0.966,,,
10:00:35,6099,0.4,1.8,0.94,,,
10:00:36,6104,0.7,1.8,0.986,,,
10:00:37,6116,1.8,2.5,1.277,"CAM 1: Up, down. Saeed, up, down!! [arabic]",,
10:00:38,6133,2.1,3.5,1.268,,,
10:00:39,6154,2.5,3.5,1.027,,,
10:00:40,6172,2.8,3.5,0.973,,,
10:00:41,6198,3.2,3.5,1.037,,,
10:00:42,6236,3.9,4.2,1.213,CAM ?: Roll it! [english],,
10:00:43,6276,4.9,5.3,1.3,,,
10:00:44,6332,5.6,6.0,1.085,,,
10:00:45,6455,5.3,13.7,3.779,,,
10:00:46,6544,4.9,11.6,-0.38,CAM: The sound of the first of two loud plates/glass crashes [unmarked],,
10:00:47,6588,6.0,4.2,0.025,CAM: The sound of the second of two loud plates/glass crashes [unmarked],,
10:00:48,6662,6.7,9.1,1.501,,,
10:00:49,6757,6.7,9.5,1.453,,,
10:00:50,6855,6.7,12.3,1.506,,,
10:00:51,6945,7.0,10.2,0.778,,,
10:00:52,7045,7.7,11.2,1.121,,,
10:00:53,7148,8.1,12.0,1.185,,,
10:00:54,7255,8.8,12.7,1.201,,,
10:00:55,7365,9.5,12.7,1.053,CAM ?: Unintelligible Arabic phrase [unmarked],,
10:00:56,7478,10.2,13.0,1.089,,,
10:00:57,7599,6.3,14.1,1.007,HOT 2: The sound of a microphone being moved [unmarked],,
10:00:58,7707,-4.6,12.7,0.668,,,
10:00:59,7795,-5.3,10.5,0.547,CAM 1: Allah is the Greatest! Allah is the Greatest! [arabic],,
10:01:00,7890,-2.5,10.2,0.776,,,
10:01:01,7957,-0.7,7.7,0.162,CAM 2: U/I; Unintelligible Arabic phrase; The sound a metallic click [unmarked],,
10:01:02,7976,-0.4,3.5,-0.12,,,
10:01:03,7999,0.0,3.2,0.565,,,
10:01:04,7986,0.4,0.7,0.386,,,
10:01:05,7986,1.4,0.7,0.819,,,
10:01:06,7987,15.8,2.1,1.247,,,
10:01:07,7988,16.9,1.8,1.002,,,
10:01:08,7972,15.5,0.4,0.634,"CAM 1: Is that it I mean, shall we pull it down [arabic]",,
10:01:09,7958,15.8,0.0,0.863,"CAM 2: Yes, put it in it, and pull it down [arabic]",,
10:01:10,7935,19.0,-0.7,0.874,,,
10:01:11,7914,21.4,-0.7,0.991,CAM 1: engine [english],,
10:01:12,7889,19.3,-0.4,1.064,CAM: Saeed! [arabic],,
10:01:13,7863,19.3,-0.7,0.922,,,
10:01:14,7841,20.4,-0.7,1.105,,,
10:01:15,7812,22.9,-0.7,1.098,,,
10:01:16,7813,23.2,1.1,1.794,CAM 1: Cut off the oxygen! [mixed],,
10:01:17,7813,23.2,2.1,1.288,,,
10:01:18,7811,23.6,1.1,0.957,CAM 1: Cut off the oxygen! Cut off the oxygen! Cut off the! oxygen [mixed],,
10:01:19,7808,24.3,1.1,1.027,,,
10:01:20,7803,24.3,1.1,1.066,,,
10:01:21,7800,24.6,1.1,1.044,,,
10:01:22,7793,24.6,1.1,1.034,,,
10:01:23,7785,25.0,0.7,1.027,CAM: The sound of a loud metallic click [unmarked],,
10:01:24,7775,25.3,0.7,1.016,,,
10:01:25,7764,25.3,0.4,1.014,,,
10:01:26,7752,25.7,0.7,1.153,,,
10:01:27,7750,16.2,1.4,0.977,,,
10:01:28,7746,-4.9,1.4,0.952,,,
10:01:29,7737,1.8,1.1,0.947,,,
10:01:30,7736,2.8,1.4,1.046,,,
10:01:31,7729,2.5,1.4,0.895,,,
10:01:32,7725,2.8,0.7,0.927,,,
10:01:33,7717,2.8,1.1,0.993,,,
10:01:34,7712,2.8,1.1,1.011,CAM ?: U/I; Unintelligible Arabic phrase [unmarked],,
10:01:35,7711,4.9,1.1,1.121,,,
10:01:36,7710,9.1,1.4,1.062,,,
10:01:37,7714,9.1,1.4,1.076,CAM 2: U/I; Unintelligible Arabic phrase [unmarked],,
10:01:38,7715,7.7,1.8,1.078,,,
10:01:39,7721,7.0,1.8,0.986,CAM: The sound of 2 metallic snaps [unmarked],,
10:01:40,7725,-1.8,1.8,1.078,,,
10:01:41,7739,-2.8,2.5,1.277,"CAM 1: Up, down. Up, down [arabic] | CAM 2: What [arabic]",,
10:01:42,7801,-1.4,3.5,1.561,"CAM 1: Up, down [arabic] | CAM ?: Ah! [english]",,
10:01:43,7908,0.0,14.4,3.983,,"Plus 3.98 g, then minus 1.08 g one second later.",measured
10:01:44,7964,1.4,8.1,-1.079,CAM: The sound of the first of two loud crashes [unmarked],,
10:01:45,8001,4.6,1.1,-0.033,CAM: The sound of the second of two loud crashes [unmarked],,
10:01:46,8036,8.8,5.6,1.204,,,
10:01:47,8063,8.4,4.6,0.86,,,
10:01:48,8098,8.1,4.2,0.945,,,
10:01:49,8122,7.0,3.5,0.744,CAM: The sound of two snaps [unmarked],,
10:01:50,8153,6.7,4.2,1.096,,,
10:01:51,8185,7.0,4.6,1.124,,,
10:01:52,8217,7.0,4.9,1.082,CAM ?: The sound of a loud grunt [unmarked],,
10:01:53,8250,7.4,4.9,1.085,"CAM""?: The sound of a loud grunt [unmarked] | CAM ?: Ah! [english]",,
10:01:54,8295,6.3,4.9,1.085,,,
10:01:55,8395,7.0,8.4,2.154,CAM ?: Ah! [english],,
10:01:56,8549,8.8,20.0,3.768,,The hardest pull of the flight.,measured
10:01:57,8715,11.6,22.9,1.302,,,
10:01:58,8819,17.9,10.9,-0.827,CAM: A loud crash that lasted for 2.16 seconds [unmarked],,
10:01:59,8946,32.3,13.7,1.126,CAM ?: Shut them off! [unmarked],Everything stops.,measured
10:02:00,9056,33.4,13.0,0.663,,,
10:02:01,9165,32.7,12.3,0.993,,,
10:02:02,9264,32.7,11.6,0.84,,,
10:02:03,9356,32.7,10.9,0.897,CAM 1: Shut them off! [english],Shut them off.,published
10:02:04,9441,32.7,9.8,0.879,,,
10:02:05,9520,32.7,9.5,0.881,,,
10:02:06,9590,33.0,8.8,0.886,CAM: the start of numerous metallic clicks [unmarked],,
10:02:07,9654,33.0,8.1,0.876,,,
10:02:08,9710,33.0,7.4,0.87,,,
10:02:09,9759,33.0,6.3,0.876,,,
10:02:10,9800,33.0,5.6,0.881,,,
10:02:11,9834,33.4,5.3,0.876,,,
10:02:12,9859,33.0,4.2,0.883,CAM: The end of the clicks [unmarked],,
10:02:13,9882,33.0,3.5,0.888,,,
10:02:14,9896,33.0,3.2,0.892,CAM 1: Go! [english] | CAM 1: Go! [english],,
10:02:15,9902,33.0,2.5,0.895,CAM ?: MOVE! [english-shout],,
10:02:16,9899,32.7,1.8,0.902,CAM ?: MOVE! [english-shout],,
10:02:17,9890,32.7,1.1,0.904,CAM ?: Turn it up! [english],Both thrust levers start closing.,measured
10:02:18,9877,32.3,0.4,0.904,"CAM 1: Down, down [arabic]",,
10:02:19,9855,32.0,-0.4,0.906,,,
10:02:20,9827,32.0,-0.7,0.904,CAM: The sound of 5 loud clicks [unmarked],,
10:02:21,9790,19.3,-1.4,0.897,,,
10:02:22,9752,14.1,-1.8,0.991,,,
10:02:23,9719,-1.1,-1.1,1.121,CAM ?: Pull it down! Pull it down! DOWN! [arabic],,
10:02:24,9680,-19.3,-1.4,0.947,,,
10:02:25,9632,-22.9,-2.1,0.915,"CAM ?: Down. Push, push, push, push. push [english]",,
10:02:26,9588,-27.1,-2.5,0.986,,,
10:02:27,9526,-45.4,-2.5,1.112,,,
10:02:28,9466,-48.9,-3.5,0.979,,,
10:02:29,9409,-15.5,-2.8,1.254,,,
10:02:30,9348,13.4,-3.2,1.128,,,
10:02:31,9282,28.8,-3.9,0.959,,,
10:02:32,9213,33.4,-4.6,0.959,CAM: The sound of 4 alert tones [unmarked],,
10:02:33,9134,33.0,-5.6,0.84,CAM 2: Hey! Hey! Give it to me. Give it to me [arabic],,
10:02:34,9052,32.3,-6.0,0.796,,,
10:02:35,8963,11.2,-6.0,1.158,CAM 2: Give it to me. Give it to me. Give it to me [arabic],,
10:02:36,8871,2.8,-7.0,0.808,,,
10:02:37,8770,3.9,-7.4,0.805,CAM 2: Give it to me. Give it to me. Give it to me [arabic],,
10:02:38,8667,5.3,-8.1,0.787,,,
10:02:39,8557,5.6,-8.4,0.853,,,
10:02:40,8446,6.0,-8.4,0.886,,,
10:02:41,8332,6.0,-8.8,0.888,,,
10:02:42,8212,6.3,-9.1,0.897,: C AM [unmarked-shout],,
10:02:43,8092,6.3,-9.1,0.904,CAM.: The sound of a loud air noise starts [unmarked],A loud air noise begins.,published
10:02:44,7970,6.3,-9.5,0.913,,,
10:02:45,7843,6.3,-9.5,0.913,,,
10:02:46,7715,6.0,-9.8,0.918,,,
10:02:47,7585,6.3,-9.8,0.936,,,
10:02:48,7454,7.0,-9.8,0.94,,,
10:02:49,7318,7.7,-9.8,0.97,,,
10:02:50,7185,8.1,-9.8,0.979,,,
10:02:51,7050,8.4,-9.8,0.968,,,
10:02:52,6914,9.1,-10.2,0.899,CAM: The sound of a loud air noise stops [unmarked],,
10:02:53,6767,17.2,-10.5,0.771,CAM: The sound of a loud air noise starts [unmarked],,
10:02:54,6615,18.3,-10.9,0.922,,,
10:02:55,6459,17.9,-11.2,0.883,,,
10:02:56,6301,17.9,-12.0,0.918,,,
10:02:57,6135,17.6,-11.6,1.05,,,
10:02:58,5984,19.3,-11.6,1.021,CAM: The sound of a grunt [unmarked],,
10:02:59,5813,48.9,-10.9,1.687,,,
10:03:00,5618,77.7,-13.0,0.872,,,
10:03:01,5402,80.5,-15.1,0.686,,,
10:03:02,5173,79.1,-17.2,0.938,CAM: 3 Allah is the Greatest! [arabic],,
10:03:03,4886,105.5,-20.7,1.366,CAM 3: Allah is the Greatest!! [arabic],The roll passes ninety degrees.,measured
10:03:04,4552,145.9,-26.0,1.254,CAM 3: Allah is the Greatest! [arabic],,
10:03:05,4157,156.4,-28.8,0.494,CAM: The sound of 4 alert tones [unmarked],,
10:03:06,3750,158.9,-30.2,0.57,CAM 3: Allah is the Greatest! [arabic] | CAM 3: ! Allah is the Greatest [arabic],,
10:03:07,3294,161.4,-34.5,0.803,CAM ?: NO!!! [unmarked-shout],Inverted. 161.4 degrees.,measured
10:03:08,2764,153.6,-38.0,0.968,,,
10:03:09,2189,142.0,-41.1,1.188,"HOT 2: The sound of a microphone that continued until the end of the recording [unmarked] | CAM 3: Allah is the Greatest! Allah is the Greatest! [arabic] | CAM: The sound of a loud air noise stops, and screams [unmarked] | CAM 3: Allah is the Greatest! Allah is the Greatest! [arabic]",Last recorded second.,measured
10:03:10,,,,,CAM: Silence [unmarked] | CAM: End of recording [unmarked],,
