index,longitude,latitude
0,-74.17450,40.68950
1,-74.21072,40.69399
2,-74.24751,40.69639
3,-74.28477,40.69710
4,-74.32240,40.69652
5,-74.36029,40.69506
6,-74.39834,40.69311
7,-74.43644,40.69110
8,-74.47450,40.68941
9,-74.51240,40.68845
10,-74.55004,40.68863
11,-74.58732,40.69035
12,-74.62413,40.69402
13,-74.66038,40.69999
14,-74.69607,40.70811
15,-74.73129,40.71785
16,-74.76611,40.72866
17,-74.80062,40.74001
18,-74.83494,40.75138
19,-74.86931,40.76243
20,-74.90399,40.77281
21,-74.93925,40.78218
22,-74.97533,40.79019
23,-75.01219,40.79643
24,-75.04954,40.80039
25,-75.08712,40.80158
26,-75.12462,40.79952
27,-75.16160,40.79393
28,-75.19732,40.78492
29,-75.23102,40.77263
30,-75.26206,40.75728
31,-75.29103,40.73986
32,-75.31926,40.72176
33,-75.34808,40.70441
34,-75.37881,40.68921
35,-75.41200,40.67688
36,-75.44713,40.66711
37,-75.48359,40.65953
38,-75.52076,40.65377
39,-75.55811,40.64946
40,-75.59546,40.64626
41,-75.63280,40.64384
42,-75.67010,40.64186
43,-75.70734,40.64000
44,-75.74451,40.63792
45,-75.78159,40.63529
46,-75.81856,40.63189
47,-75.85547,40.62790
48,-75.89237,40.62357
49,-75.92931,40.61915
50,-75.96634,40.61489
51,-76.00352,40.61106
52,-76.04089,40.60791
53,-76.07846,40.60564
54,-76.11615,40.60437
55,-76.15384,40.60420
56,-76.19143,40.60523
57,-76.22881,40.60754
58,-76.26589,40.61125
59,-76.30256,40.61644
60,-76.33879,40.62304
61,-76.37467,40.63080
62,-76.41029,40.63944
63,-76.44573,40.64867
64,-76.48107,40.65822
65,-76.51642,40.66781
66,-76.55184,40.67717
67,-76.58743,40.68601
68,-76.62328,40.69407
69,-76.65941,40.70126
70,-76.69578,40.70768
71,-76.73238,40.71342
72,-76.76916,40.71858
73,-76.80610,40.72326
74,-76.84317,40.72756
75,-76.88033,40.73158
76,-76.91755,40.73541
77,-76.95481,40.73916
78,-76.99206,40.74292
79,-77.02929,40.74679
80,-77.06645,40.75088
81,-77.10352,40.75526
82,-77.14050,40.75997
83,-77.17739,40.76497
84,-77.21420,40.77021
85,-77.25095,40.77566
86,-77.28764,40.78129
87,-77.32429,40.78706
88,-77.36091,40.79292
89,-77.39752,40.79884
90,-77.43411,40.80479
91,-77.47071,40.81072
92,-77.50732,40.81660
93,-77.54395,40.82239
94,-77.58063,40.82805
95,-77.61733,40.83359
96,-77.65408,40.83901
97,-77.69085,40.84433
98,-77.72765,40.84956
99,-77.76446,40.85473
100,-77.80130,40.85983
101,-77.83815,40.86490
102,-77.87500,40.86994
103,-77.91186,40.87497
104,-77.94872,40.88000
105,-77.98557,40.88504
106,-78.02242,40.89012
107,-78.05925,40.89525
108,-78.09607,40.90042
109,-78.13288,40.90562
110,-78.16968,40.91086
111,-78.20648,40.91611
112,-78.24327,40.92137
113,-78.28007,40.92662
114,-78.31686,40.93187
115,-78.35366,40.93710
116,-78.39047,40.94231
117,-78.42728,40.94748
118,-78.46410,40.95260
119,-78.50094,40.95767
120,-78.53779,40.96267
121,-78.57466,40.96762
122,-78.61154,40.97252
123,-78.64843,40.97738
124,-78.68533,40.98221
125,-78.72224,40.98701
126,-78.75914,40.99179
127,-78.79606,40.99658
128,-78.83297,41.00136
129,-78.86988,41.00615
130,-78.90678,41.01097
131,-78.94368,41.01581
132,-78.98057,41.02069
133,-79.01745,41.02561
134,-79.05433,41.03056
135,-79.09120,41.03554
136,-79.12806,41.04053
137,-79.16493,41.04551
138,-79.20180,41.05048
139,-79.23867,41.05541
140,-79.27556,41.06031
141,-79.31246,41.06514
142,-79.34937,41.06991
143,-79.38629,41.07460
144,-79.42324,41.07919
145,-79.46021,41.08368
146,-79.49721,41.08805
147,-79.53422,41.09232
148,-79.57126,41.09649
149,-79.60831,41.10058
150,-79.64538,41.10461
151,-79.68246,41.10859
152,-79.71955,41.11253
153,-79.75665,41.11644
154,-79.79375,41.12034
155,-79.83085,41.12425
156,-79.86795,41.12817
157,-79.90505,41.13213
158,-79.94213,41.13612
159,-79.97922,41.14013
160,-80.01631,41.14413
161,-80.05339,41.14811
162,-80.09049,41.15204
163,-80.12760,41.15589
164,-80.16472,41.15964
165,-80.20186,41.16328
166,-80.23902,41.16677
167,-80.27620,41.17008
168,-80.31341,41.17322
169,-80.35065,41.17617
170,-80.38792,41.17896
171,-80.42520,41.18162
172,-80.46250,41.18418
173,-80.49981,41.18664
174,-80.53714,41.18905
175,-80.57447,41.19142
176,-80.61180,41.19378
177,-80.64914,41.19614
178,-80.68647,41.19854
179,-80.72380,41.20099
180,-80.76112,41.20352
181,-80.79843,41.20612
182,-80.83573,41.20880
183,-80.87301,41.21154
184,-80.91029,41.21434
185,-80.94755,41.21721
186,-80.98479,41.22014
187,-81.02202,41.22312
188,-81.05924,41.22616
189,-81.09644,41.22924
190,-81.13363,41.23233
191,-81.17083,41.23540
192,-81.20805,41.23841
193,-81.24530,41.24134
194,-81.28258,41.24414
195,-81.31992,41.24680
196,-81.35731,41.24927
197,-81.39476,41.25153
198,-81.43226,41.25370
199,-81.46974,41.25590
200,-81.50717,41.25828
201,-81.54451,41.26097
202,-81.58171,41.26413
203,-81.61872,41.26789
204,-81.65552,41.27239
205,-81.69205,41.27776
206,-81.72842,41.28382
207,-81.76480,41.29022
208,-81.80136,41.29661
209,-81.83828,41.30262
210,-81.87567,41.30778
211,-81.91328,41.31110
212,-81.95079,41.31145
213,-81.98788,41.30772
214,-82.02389,41.29905
215,-82.05708,41.28559
216,-82.08549,41.26768
217,-82.10783,41.24584
218,-82.12450,41.22099
219,-82.13606,41.19413
220,-82.14206,41.16639
221,-82.14087,41.13903
222,-82.13092,41.11328
223,-82.11296,41.08949
224,-82.08973,41.06722
225,-82.06405,41.04598
226,-82.03796,41.02547
227,-82.01151,41.00576
228,-81.98441,40.98697
229,-81.95636,40.96924
230,-81.92706,40.95269
231,-81.89636,40.93739
232,-81.86444,40.92319
233,-81.83151,40.90995
234,-81.79781,40.89750
235,-81.76353,40.88571
236,-81.72891,40.87441
237,-81.69416,40.86345
238,-81.65937,40.85277
239,-81.62452,40.84239
240,-81.58957,40.83234
241,-81.55450,40.82264
242,-81.51926,40.81333
243,-81.48382,40.80443
244,-81.44816,40.79597
245,-81.41223,40.78798
246,-81.37603,40.78044
247,-81.33964,40.77324
248,-81.30312,40.76627
249,-81.26652,40.75942
250,-81.22992,40.75258
251,-81.19338,40.74563
252,-81.15697,40.73848
253,-81.12075,40.73100
254,-81.08479,40.72309
255,-81.04916,40.71464
256,-81.01391,40.70553
257,-80.97912,40.69565
258,-80.94486,40.68490
259,-80.91115,40.67320
260,-80.87794,40.66067
261,-80.84513,40.64746
262,-80.81264,40.63371
263,-80.78037,40.61958
264,-80.74824,40.60521
265,-80.71616,40.59075
266,-80.68404,40.57635
267,-80.65179,40.56217
268,-80.61936,40.54829
269,-80.58675,40.53467
270,-80.55402,40.52127
271,-80.52117,40.50804
272,-80.48825,40.49493
273,-80.45527,40.48188
274,-80.42228,40.46884
275,-80.38929,40.45577
276,-80.35634,40.44262
277,-80.32345,40.42933
278,-80.29062,40.41592
279,-80.25781,40.40246
280,-80.22499,40.38902
281,-80.19211,40.37567
282,-80.15914,40.36250
283,-80.12604,40.34957
284,-80.09276,40.33696
285,-80.05928,40.32474
286,-80.02554,40.31298
287,-79.99153,40.30175
288,-79.95723,40.29103
289,-79.92264,40.28075
290,-79.88778,40.27089
291,-79.85265,40.26137
292,-79.81725,40.25217
293,-79.78159,40.24321
294,-79.74567,40.23447
295,-79.70950,40.22588
296,-79.67309,40.21743
297,-79.63646,40.20930
298,-79.59964,40.20175
299,-79.56266,40.19507
300,-79.52555,40.18952
301,-79.48835,40.18537
302,-79.45108,40.18290
303,-79.41378,40.18238
304,-79.37647,40.18408
305,-79.33917,40.18780
306,-79.30189,40.19233
307,-79.26460,40.19632
308,-79.22731,40.19841
309,-79.18998,40.19789
310,-79.15257,40.19519
311,-79.11503,40.19086
312,-79.07739,40.18535
313,-79.04069,40.17787
314,-79.00655,40.16688
315,-78.97652,40.15097
316,-78.95132,40.13041
317,-78.93106,40.10663
318,-78.91585,40.08107
319,-78.90580,40.05520
